"Player","Team","Pos","Rank","ADP","2023 Finish","2022 Finish","Id","Diff"
"Christian McCaffrey ","49ers","RB","1","1.3","1","3","9e801ec6-ed8e-49b1-8b66-90553d7dd7e2","0.23"
"CeeDee Lamb","Cowboys","WR","2","2","4","19","098d87b9-1fc9-4466-a7dd-7f35f697f506","0"
"Justin Jefferson","Vikings","WR","3","5.5","9","6","8209c653-34c2-4bc5-8434-d5a6d2c8b27b","0.45"
"Tyreek Hill","Dolphins","WR","4","3.1","3","8","a36d312f-0f65-4e3a-98ef-823608309b21","-0.29"
"Breece Hall","Jets","RB","5","7.7","18","17","3f671138-3ef9-437b-af4b-f865c1423161","0.35"
"A.J. Brown","Eagles","WR","6","8.9","13","18","2bad3d34-9960-4d9a-8fa7-6abc8d2ba1f7","0.33"
"Ja'Marr Chase","Bengals","WR","7","4.4","21","9","5a9b6074-7296-4571-94f8-6b9e803ba039","-0.59"
"Amon-Ra St. Brown","Lions","WR","8","5.9","8","23","7b36b9f5-93c3-4fb7-8703-f89aa740c452","-0.36"
"Bijan Robinson","Falcons","RB","9","6.9","39","","7f4475be-2cd2-4e94-9272-9d6e1c6a6262","-0.3"
"Garrett Wilson","Jets","WR","10","10.7","91","55","c76953d5-dc07-49f6-85e2-731b919c09a0","0.07"
"Puka Nacua","Rams","WR","11","10.4","14","","fb1781a7-ebfc-47c4-a925-18ad114c9834","-0.06"
"Jahmyr Gibbs","Lions","RB","12","12.9","17","","f098bc7a-7b26-4b95-8a2a-5603e0c79eab","0.07"
"Jaylen Waddle","Dolphins","WR","13","20.1","68","26","0eca149b-3acb-4540-90b9-e573a3983e73","0.35"
"Nico Collins","Texans","WR","14","17.4","20","206","0ca934b7-a6df-4df8-9f7b-f34f1f51d396","0.2"
"Kyren Williams","Rams","RB","15","27.9","2","350","2ea6b394-3237-4644-8b49-69cf67b6e8a9","0.46"
"Jonathan Taylor","Colts","RB","16","15.9","34","32","b4792419-5e76-45de-864a-741ac6df7651","-0.01"
"Brandon Aiyuk","49ers","WR","17","21.3","28","82","c3032705-9198-4d1b-ba45-3d5eb7983645","0.2"
"Cooper Kupp","Rams","WR","18","27.6","46","1","07d3867e-0154-4152-a798-18d6c7accd42","0.35"
"Saquon Barkley","Eagles","RB","19","19.3","26","10","5b733acd-4a48-40f0-9662-51e4540b0351","0.02"
"De'Von Achane","Dolphins","RB","20","23.1","5","","47a7e2a4-2f23-4670-ac09-1c20b7e4bb39","0.13"
"Davante Adams","Raiders","WR","21","20.2","33","7","6591b1cf-50ee-4c6d-964c-2b26ad46bfde","-0.04"
"Deebo Samuel","49ers","WR","22","19","10","56","bc1959be-6b30-4eca-be97-0f2e5b97eb9a","-0.16"
"Drake London","Falcons","WR","23","14.9","98","114","56c751bc-45b5-4984-b916-8a9b1cbc056e","-0.54"
"Marvin Harrison","Cardinals","WR","24","13.5","","","ffadf9c7-84c5-4cbd-882c-08ac77e4ceff","-0.78"
"Malik Nabers","Giants","WR","25","27","","","12dc1620-9e6e-4ea6-81db-325a12cf154c","0.07"
"Mike Evans","Bucs","WR","26","24.3","12","42","8da0dbe1-4d06-45f3-830a-2112443c2466","-0.07"
"Isiah Pacheco","Chiefs","RB","27","39.8","29","116","951c3ab5-1b70-43de-a537-16376027a240","0.32"
"Jalen Hurts","Eagles","QB","28","41.3","38","11","5e0c0398-4cff-4185-9805-3d5b56cb929b","0.32"
"Chris Olave","Saints","WR","29","17.6","58","76","333093b5-7ef3-49ae-a736-93217e79f666","-0.65"
"DK Metcalf","Seahawks","WR","30","26.8","41","38","2704e8d7-a534-4bef-9e3d-6d12ff738205","-0.12"
"Josh Jacobs","Packers","RB","31","52.2","40","5","993baded-bd48-4787-b0ad-ac2996be73a4","0.41"
"Derrick Henry","Ravens","RB","32","29.5","23","4","2e8f2806-a076-496d-b610-30c5a9db0098","-0.08"
"Amari Cooper","Browns","WR","33","40.6","27","33","2426f790-2c33-4a1d-9074-0a2975affc5d","0.19"
"Tank Dell","Texans","WR","34","35.3","22","","2df22d1e-e053-42dd-9c5e-480d1196ff25","0.04"
"DeVonta Smith","Eagles","WR","35","25.5","48","36","c0c23fc3-862e-481f-824b-04ee87c01392","-0.37"
"Travis Etienne Jr.","Jaguars","RB","36","43.3","11","48","a9ad9af2-611c-4c9b-9e07-687f619a55ce","0.17"
"Travis Kelce","Chiefs","TE","37","38.9","56","13","18a2678b-805b-4ec2-8489-0e677735311b","0.05"
"Patrick Mahomes","Chiefs","QB","38","46","130","16","1028d0c1-94d4-463f-9a3d-3c0bebb060db","0.17"
"DJ Moore","Bears","WR","39","30.9","16","57","f68af97f-836c-472d-8ad2-8b87a19ec178","-0.26"
"George Pickens","Steelers","WR","40","39.7","57","108","0c410b1a-19f9-415f-ae96-11dc81d258dc","-0.01"
"Josh Allen","Bills","QB","41","37.4","25","14","66b13037-5e4c-4b36-a7e7-398cbace2e58","-0.1"
"Lamar Jackson","Ravens","QB","42","47.6","43","45","f258ff18-d5fd-4dce-af9a-958900eecf52","0.12"
"Christian Kirk","Jaguars","WR","43","46.1","86","34","3641f3d1-3ff6-4d44-91db-47834e41227b","0.07"
"Tee Higgins","Bengals","WR","44","42.7","62","37","d27b174c-ed7e-4138-a2c7-ab3fcd3575b3","-0.03"
"Sam LaPorta","Lions","TE","45","36.4","47","","686108bb-239b-4273-a28a-69b9571cc03d","-0.24"
"Joe Mixon","Texans","RB","46","61.7","35","21","012a73f3-7fe2-427d-89d5-2ddc0fb366e6","0.25"
"Stefon Diggs","Texans","WR","47","32.6","32","12","aeec05d9-8fa4-4b9a-a85d-4611dbb12d5f","-0.44"
"Trey McBride","Cardinals","TE","48","46.6","111","212","eb7bc4df-1285-4d03-94d4-bf9ab58eea87","-0.03"
"Mark Andrews","Ravens","TE","49","48.8","61","64","b73379fb-c0bf-4624-bb87-5b9daf7ae1ed","0"
"Zay Flowers","Ravens","WR","50","37.2","74","","0f1d4122-0410-4a08-8ec5-564ad56b8d8c","-0.34"
"Anthony Richardson","Colts","QB","51","56.7","77","","e5c2cbd7-65b7-41a9-b81d-a6e1313571fd","0.1"
"Rachaad White","Bucs","RB","52","62.7","24","143","140a874a-e16b-4b51-9640-01797a14e4a1","0.17"
"James Cook","Bills","RB","53","56","37","195","d7025fba-a9fc-4295-8a27-b194556a90f9","0.05"
"Michael Pittman Jr.","Colts","WR","54","34.4","42","75","0c4fb388-7ebc-4e40-947f-90ba2e7f60a3","-0.57"
"Hollywood Brown","Chiefs","WR","55","53.6","118","78","905c091a-69b0-4c46-9f4a-0887d6485aaf","-0.03"
"C.J. Stroud","Texans","QB","56","71.3","90","","d1f113bc-e984-499b-a386-2c38ef7a25d0","0.21"
"Kyle Pitts","Falcons","TE","57","60.2","165","186","4ffdccda-f8a4-4ec4-90a6-0ddf19626a93","0.05"
"David Montgomery","Lions","RB","58","73.6","19","69","1bbd25be-df0b-43c5-a027-2ff0bc886805","0.21"
"DeAndre Hopkins","Titans","WR","59","68.3","64","22","d0ab599c-2441-43c7-8e44-355ddcd40fb4","0.14"
"Xavier Worthy","Chiefs","WR","60","64.1","","","f1af93fd-af0e-4380-8ae4-519f04a8673c","0.06"
"Diontae Johnson","Panthers","WR","61","70.1","101","210","b7b1f316-40a7-4784-a8d1-f972b0dd394f","0.13"
"Keenan Allen","Bears","WR","62","54.2","7","31","079b90e6-3ce0-4952-88a6-8e2a3003d6fe","-0.14"
"Rome Odunze","Bears","WR","63","67.2","","","144f1a02-d422-4d10-ba5e-349a5daae34b","0.06"
"Dalton Kincaid","Bills","TE","64","51.2","149","","5fd1a37f-4c31-4cc1-82b5-ce980d353aaa","-0.25"
"George Kittle","49ers","TE","65","65.3","49","51","0d22526b-00d4-4f61-9c71-7540cd373543","0"
"Rashee Rice","Chiefs","WR","66","59.7","80","","d763e0dc-b773-483d-be2a-a49c5ee0046d","-0.11"
"Chris Godwin","Bucs","WR","67","59.4","110","66","19f1f476-acd6-4dbd-ac1c-7c4a920bf479","-0.13"
"Najee Harris","Steelers","RB","68","83.1","83","53","fa6d275b-9843-4a2a-a13f-17b2a6421118","0.18"
"James Conner","Cardinals","RB","69","84.4","30","25","94b09be0-23a5-46fd-9484-7aa994983d13","0.18"
"Ladd McConkey","Chargers","WR","70","71.9","","","da9a62a7-26d6-4485-be96-cd693c639448","0.03"
"Brian Thomas","Jaguars","WR","71","75.7","","","e596066b-2a14-4ac2-9b2c-84422febdf32","0.06"
"Jaxon Smith-Njigba","Seahawks","WR","72","76.9","166","","71aa400e-7eab-465e-bf0a-1c1f7f407306","0.06"
"Raheem Mostert","Dolphins","RB","73","93.2","6","84","313f9102-552e-42bb-9de8-8cdd09f9f400","0.22"
"Terry McLaurin","Commanders","WR","74","50.2","88","65","84b4c137-2193-4e4b-b3de-a74f2eed2ad3","-0.47"
"Calvin Ridley","Titans","WR","75","59.4","54","","cc6cf04a-9ebb-4f4d-9d39-cc637b2da612","-0.26"
"Kyler Murray","Cardinals","QB","76","77.9","129","87","bf247202-99b8-442a-9164-7e7b88e3c39c","0.02"
"David Njoku","Browns","TE","77","101.7","82","117","3346891b-8250-442e-be54-4ffc467140f0","0.24"
"Dak Prescott","Cowboys","QB","78","95.7","51","110","820e0944-20ba-491d-94a0-9c367bb95d2a","0.18"
"Jake Ferguson","Cowboys","TE","79","84.3","128","297","21b4aa19-67f2-4f75-9580-e7de8402ec95","0.06"
"Curtis Samuel","Bills","WR","80","88.2","115","100","5938ed56-9d15-4ddb-bbb6-4f2df360082d","0.09"
"Courtland Sutton","Broncos","WR","81","95.7","75","125","63578ada-4ed4-4316-9f8a-e9aabc341a12","0.15"
"Rhamondre Stevenson","Patriots","RB","82","82.1","69","29","1775916e-71ef-4b95-beb7-cc387b7d0a26","0"
"Kenneth Walker III","Seahawks","RB","83","68.9","36","27","03fcdf1b-3181-4dc9-9891-5f8db430037f","-0.2"
"Jaylen Warren","Steelers","RB","84","88.3","97","263","f92ed8de-d86d-4837-9230-7ed84bdaf0f3","0.05"
"Alvin Kamara","Saints","RB","85","74.4","15","40","8efa33b9-1203-4a58-82f7-2b1104491e97","-0.14"
"Zack Moss","Bengals","RB","86","95.4","44","172","3e152432-f6e7-42b7-b71e-fd969103ef58","0.1"
"Jayden Reed","Packers","WR","87","57.6","53","","501824d3-4a54-4af2-b44a-d3ecd1963f1d","-0.51"
"Christian Watson","Packers","WR","88","69.3","84","47","c404a688-5ff2-4ede-a1bd-1e52bd000052","-0.27"
"Joshua Palmer","Chargers","WR","89","99.9","104","127","5b58b8bc-4e70-4c59-9b39-5d06ff9cc138","0.11"
"Evan Engram","Jaguars","TE","90","76.2","105","93","5482dd3a-89c6-44de-9819-2b27e7af1097","-0.18"
"Joe Burrow","Bengals","QB","91","90.7","123","35","13b9e9b0-7b2f-4a53-9772-7a2b029a0cec","0"
"Jordan Love","Packers","QB","92","97.5","103","","9edea840-1092-4867-b6ce-7cf21b5a10b0","0.06"
"Caleb Williams","Bears","QB","93","113.3","","","b8771ac8-365e-47ee-8c89-257ce9c3ed1c","0.18"
"Jonathon Brooks","Panthers","RB","94","89.8","","","d4aff586-ebb1-48b4-9046-92ced891b82e","-0.05"
"Zamir White","Raiders","RB","95","87.3","159","350","1eaa53eb-1685-436a-92f1-5108e9060916","-0.09"
"Aaron Jones","Vikings","RB","96","81.1","73","28","c7a3f5f1-7736-4c0d-9fed-b00b9e39c46b","-0.18"
"Brock Bowers","Raiders","TE","97","96.6","","","f5867da2-a5d7-46e0-8c3d-87d8f5679ac3","0"
"Keon Coleman","Bills","WR","98","77.7","","","6d7c0fe8-34ac-4c6c-a7ab-3aba41078fc0","-0.26"
"Rashid Shaheed","Saints","WR","99","104.7","96","150","e589613d-c3de-4dd1-9cfd-2e28677b4341","0.05"
"Jordan Addison","Vikings","WR","100","82.6","59","","010a891d-2b17-4cbc-b8fe-7b3aa74f9e6f","-0.21"
"Jameson Williams","Lions","WR","101","84.9","193","278","05770873-38ff-4f2c-9fe6-93b30344c8ff","-0.19"
"Blake Corum","Rams","RB","102","121.8","","","e89f7b98-d087-46a4-b20a-53dd65177736","0.16"
"D'Andre Swift","Bears","RB","103","92.5","63","50","59e3addb-e2f7-4d24-8852-eaa61c397dd7","-0.11"
"Devin Singletary","Giants","RB","104","108.7","100","91","afbfb86b-62fa-4d76-850e-106a8bef1227","0.04"
"Javonte Williams","Broncos","RB","105","112.3","119","119","4cdb965b-ad70-4a6d-9ab5-2d106a11b98f","0.07"
"Rico Dowdle","Cowboys","RB","106","137.5","174","","1f9caa40-8697-45ed-838a-c5016d5d2b50","0.23"
"Jayden Daniels","Commanders","QB","107","101.8","","","7596f380-5b00-47a8-9598-a26c2f107188","-0.05"
"Dallas Goedert","Eagles","TE","108","115.4","120","123","b95bd706-6b49-482b-9767-182b062dd5b1","0.06"
"Dontayvion Wicks","Packers","WR","109","115.5","187","","a7ee8a74-bffd-4cc1-8afe-c348540218cb","0.06"
"Brandin Cooks","Cowboys","WR","110","114.9","85","129","dd65067d-22f1-4262-9511-1722ec842441","0.04"
"Jerry Jeudy","Browns","WR","111","124.1","215","46","6cf1940d-9a54-4eb3-ba14-49e9b822d88d","0.11"
"Tony Pollard","Titans","RB","112","100.5","66","20","46af6d96-b1c6-420e-8267-e45b7ee6bed2","-0.11"
"Brian Robinson Jr.","Commanders","RB","113","103.3","50","101","8f945f72-643c-468a-92f0-5ce4eea02376","-0.09"
"Chase Brown","Bengals","RB","114","115.6","184","","3e8980e6-5db5-4abf-bf09-961510c13cca","0.01"
"Tyjae Spears","Titans","RB","115","107.8","167","","155d3ea9-be02-439b-893f-61cfb7e42e14","-0.07"
"Zach Charbonnet","Seahawks","RB","116","131.6","201","","317274c8-462d-4f3f-99c0-6fe632f9c100","0.12"
"Brock Purdy","49ers","QB","117","111.3","92","248","34410741-ef23-47e5-b6b4-ec1786d934fa","-0.05"
"Trevor Lawrence","Jaguars","QB","118","119.7","131","92","cd014c4d-e787-4f56-b0c4-c18b0f98dfd0","0.01"
"Mike Williams","Jets","WR","119","132.7","31","49","ff2e5025-2e5a-42f1-b618-d49879ee4137","0.1"
"Tyler Lockett","Seahawks","WR","120","103.9","94","43","d29d0594-1f4b-4108-8592-046e49e5257f","-0.15"
"Gabe Davis","Jaguars","WR","121","133.1","67","62","9d484486-6555-41e2-9e4b-b9b4b4a73852","0.09"
"Romeo Doubs","Packers","WR","122","106.5","107","162","eab97f05-41eb-44dd-bcd6-b1164453d78f","-0.15"
"Tua Tagovailoa","Dolphins","QB","123","124.9","136","74","b24c197a-b8e2-4ddf-8d0e-b97e30059d08","0.02"
"Jerome Ford","Browns","RB","124","127.7","60","350","49edc4f4-dc78-467d-8ddb-a5585fcb54e9","0.03"
"Gus Edwards","Chargers","RB","125","118.7","52","163","2642260c-f775-4263-977c-4584914f0418","-0.05"
"Trey Benson","Cardinals","RB","126","115.6","","","542c1523-b23e-42fd-add6-29db4ec3dc1d","-0.09"
"Pat Freiermuth","Steelers","TE","127","132.2","169","177","9461990e-fcb5-461a-aef0-cd430b33a1c8","0.04"
"Matthew Stafford","Rams","QB","128","148.8","164","294","2c21c617-0373-467a-aa15-1e0e678d9630","0.14"
"Josh Downs","Colts","WR","129","134","146","","eb04ead7-a136-4dfd-9bc0-36062253808f","0.04"
"Tyler Allgeier","Falcons","RB","130","153.6","121","89","fd40f098-b8ea-462f-9500-a356b073a8c2","0.15"
"Deshaun Watson","Browns","QB","131","156.7","171","","5a586c9b-29bb-4966-822f-20cbf961d487","0.16"
"Jared Goff","Lions","QB","132","126","126","95","1c0b3cb2-0f1f-4404-af12-058599ce167f","-0.05"
"Justin Herbert","Chargers","QB","133","134.6","76","144","639efdda-8c57-4da3-83d2-30f2471bfc02","0.01"
"Geno Smith","Seahawks","QB","134","167","144","111","edb873b8-24e4-46c7-a82e-01efdedd9ff3","0.2"
"Jakobi Meyers","Raiders","WR","135","119.5","65","79","bd442576-a4ed-474b-9dbd-941891275718","-0.13"
"Ja'Lynn Polk","Patriots","WR","136","132.8","","","0eae9eff-1161-4e23-8038-c359ca6c1410","-0.02"
"Xavier Legette","Panthers","WR","137","141.3","","","781c6385-c420-4a04-a546-e7244b0f421d","0.03"
"Adonai Mitchell","Colts","WR","138","123.5","","","808b51b2-dbf2-4023-9231-cd5f910afe6f","-0.12"
"Ezekiel Elliott","Cowboys","RB","139","121.8","116","59","3a7f32f4-cdb6-4be0-a1b5-6c216802dc4c","-0.14"
"Austin Ekeler","Commanders","RB","140","129.9","45","2","7e7c2085-c78c-4d08-b286-0fe4e199a8b0","-0.08"
"MarShawn Lloyd","Packers","RB","141","140.5","","","ba62ae9e-6556-4eec-abd8-24061cbc3b64","0"
"Luke Musgrave","Packers","TE","142","147.4","238","","6835cc77-2259-460a-96d2-4593cac34fe4","0.04"
"Hunter Henry","Patriots","TE","143","158.1","114","234","7d9fe5a5-046a-497a-9edd-cd0fe22704e7","0.1"
"Darnell Mooney","Falcons","WR","144","146.5","226","171","4d0feb32-2c3d-4ba3-97a5-3255e2d8afd2","0.02"
"Khalil Shakir","Bills","WR","145","110.8","178","260","14655452-ddcb-4917-b5d6-16cba10df015","-0.31"
"Chuba Hubbard","Panthers","RB","146","159.8","109","156","3818318a-eae9-4e5e-97b7-fc9c17aff78d","0.09"
"Ray Davis","Bills","RB","147","165.1","","","7add997e-ddf5-4dd6-b818-4747a6c23448","0.11"
"Nick Chubb","Browns","RB","148","126.8","87","15","c4ee1373-10f2-47bb-a333-0bbc1047fee3","-0.17"
"Ty Chandler","Vikings","RB","149","143.2","152","350","05ae34fa-4c89-4171-aec5-3a9cf44970be","-0.04"
"Jahan Dotson","Commanders","WR","150","139.1","147","71","63fee59f-b98f-4a3b-b166-6f5dd8382977","-0.08"
"Aaron Rodgers","Jets","QB","151","159.9","","318","7e343d94-5993-4398-b8e1-d251ce8cddf6","0.06"
"Tyler Conklin","Jets","TE","152","170.8","263","178","c1bf2279-8822-483c-a471-eca605165780","0.11"
"Noah Fant","Seahawks","TE","153","163.1","324","249","8f7f70cb-d238-4263-a283-67fa1e0d8e88","0.06"
"Rashod Bateman","Ravens","WR","154","161.6","300","103","b934b6d1-f3f7-4e85-9093-61752570be82","0.05"
"Demarcus Robinson","Rams","WR","155","170.3","135","228","156f87f5-8039-4e08-b878-f03c220c2923","0.09"
"Ricky Pearsall","49ers","WR","156","151.6","","","32b80205-735b-4646-962e-4485d512a029","-0.03"
"Adam Thielen","Panthers","WR","157","162.4","55","137","219e05a7-6e17-4f64-a2ae-2023dd01ecb3","0.03"
"Daniel Jones","Giants","QB","158","188.2","124","94","a9621925-0793-4d79-ad41-0f568611b6b5","0.16"
"Kirk Cousins","Falcons","QB","159","145","93","98","28d325d3-3f66-4334-8c97-7e886cbb0218","-0.1"
"Audric Estime","Broncos","RB","160","188.6","","","fc3f376b-6891-4be4-be49-125ac078306d","0.15"
"Jaleel McLaughlin","Broncos","RB","161","150.5","161","","5f0c0506-0633-48ed-82c8-84e8ccca391b","-0.07"
"Dalton Schultz","Texans","TE","162","130.8","108","85","d79e99d3-9a96-438e-a237-b5a1f6309909","-0.24"
"Cole Kmet","Bears","TE","163","142.6","95","138","1a11d2ae-c4b1-400c-bf2e-d4dca13800e6","-0.14"
"Juwan Johnson","Saints","TE","164","202.7","132","126","8e8ab6f3-17ee-4fd2-b267-49e1d20b6d12","0.19"
"T.J. Hockenson","Vikings","TE","165","146.1","70","67","83050f3b-3f33-4e5b-ad16-b0a82eefdcbb","-0.13"
"Marvin Mims Jr.","Broncos","WR","166","183.4","160","","fc1ccabb-3073-4b34-a1c4-3310e43d369e","0.09"
"Michael Wilson","Cardinals","WR","167","168.5","133","","56346159-6e3e-4ec5-ab5b-4fa6e70a4aa9","0.01"
"Elijah Mitchell","49ers","RB","168","176.5","216","149","878411ca-a020-4d88-8937-615d79934cb2","0.05"
"Braelon Allen","Jets","RB","169","192.5","","","f55e4b60-80f9-4a44-bc29-a1e8af4d1396","0.12"
"Khalil Herbert","Bears","RB","170","184.7","89","86","b281e42f-9b24-4361-96c1-7ef192f20315","0.08"
"J.K. Dobbins","Chargers","RB","171","163.3","","","a3694f7f-d96e-4a5c-9965-f877c14cf007","-0.05"
"Kimani Vidal","Chargers","RB","172","157.2","","","4f2cd96c-93ab-4556-b181-a9d5148a5547","-0.09"
"Antonio Gibson","Patriots","RB","173","171.4","195","102","8455944d-c59f-4f25-a201-2a0785a34543","-0.01"
"Jermaine Burton","Bengals","WR","174","153.8","","","7f61052c-f7f1-46a1-9486-afbbdebf9e9e","-0.13"
"Andrei Iosivas","Bengals","WR","175","212.8","334","","63eec11c-1dd4-4fc1-9d4c-518113126176","0.18"
"Baker Mayfield","Bucs","QB","176","168.2","151","319","3d994e25-98b0-4fe4-8e43-45caa3b05889","-0.05"
"Drake Maye","Patriots","QB","177","194","","","559fb2bc-fb75-45f8-8872-32bdc051ef1b","0.09"
"Will Levis","Titans","QB","178","173.8","185","","1dab82ca-7aea-4818-b0e0-b56aae0f686f","-0.02"
"Sam Darnold","Vikings","QB","179","214.8","","173","1507292b-ae32-4d4c-b453-630ba7b1de42","0.17"
"Colby Parkinson","Rams","TE","180","208.3","288","272","a12d7960-6735-4cd5-a17b-a6fd9011f9ca","0.14"
"Jonnu Smith","Dolphins","TE","181","183","162","365","d22c8282-2db7-48ec-ac2c-825f00eac244","0.01"
"Demario Douglas","Patriots","WR","182","154.1","227","","ba20ed45-635f-42e7-bd40-6f11de194256","-0.18"
"Wan'Dale Robinson","Giants","WR","183","167","148","157","e1e19ee9-01a4-472f-8e74-626a4607e6d1","-0.1"
"Bo Nix","Broncos","QB","184","206.2","","","8f16025a-ffe0-4efa-836e-b71ae20db9e9","0.11"
"Bryce Young","Panthers","QB","185","195.2","259","","988bab92-36df-41d0-90d3-86d936f37c90","0.05"
"Jaylen Wright","Dolphins","RB","186","157.9","","","ffffe221-e468-4aa4-a89c-814ff9d84e24","-0.18"
"Will Shipley","Eagles","RB","187","212.5","","","77d67f97-1de2-4ded-a444-027232e14d35","0.12"
"Dameon Pierce","Texans","RB","188","198.2","180","44","78a87fe4-0865-48fc-b9a2-cde47573850a","0.05"
"Clyde Edwards-Helaire","Chiefs","RB","189","211","172","68","f4d8cdaa-4ace-4c06-93eb-8d0474a850e1","0.1"
"Bucky Irving","Bucs","RB","190","178.3","","","2cbcf238-c3f6-456f-966a-8c89943c11f2","-0.07"
"Tyrone Tracy","Giants","RB","191","195.7","","","df951d37-812b-402b-8bf0-41a39a47f49a","0.02"
"Darius Slayton","Giants","WR","192","205.1","137","136","01325253-9619-4ab1-ac44-9f3a0e9be4e9","0.06"
"Jalen McMillan","Bucs","WR","193","184.9","","","d03ce45d-ed3f-40cf-8ae2-a7fb49ef2eab","-0.04"
"Odell Beckham Jr.","Dolphins","WR","194","213.4","145","350","d08a736a-bcaa-4efe-ac9d-8669b1d226cb","0.09"
"Roman Wilson","Steelers","WR","195","178.4","","","ee4764a1-5eaa-450f-bfb6-fda7fd37485f","-0.09"
"Jalen Tolbert","Cowboys","WR","196","203.8","271","350","1a953802-dab8-461f-983f-7695316f109f","0.04"
"Tank Bigsby","Jaguars","RB","197","211.5","350","","d5eb08a8-9cfd-4355-8ef8-68520f7ddcc2","0.07"
"Trey Sermon","Colts","RB","198","215.4","316","","c84622c1-dc3c-4b17-a280-98fd65f1d209","0.08"
"Derek Carr","Saints","QB","199","198.5","219","220","7758c18a-e90d-4730-b4d9-e576e1edde66","0"
"Russell Wilson","Steelers","QB","200","209.7","163","134","cf4714e3-23fb-4dcd-9daa-8ba4be108e88","0.05"
"Justin Fields","Steelers","QB","201","207","71","41","8b1ee1f2-c7a2-4e99-a044-780eb97933c7","0.03"
"Will Dissly","Chargers","TE","202","215.8","334","","e8b684d4-eb6d-47a8-872a-bc8d9a30baf4","0.06"
"Cade Otton","Bucs","TE","203","177.6","188","236","2f43f271-81a2-428d-be67-22331f8cc23e","-0.14"
"Deneric Prince","Chiefs","RB","204","210.4","334","","0d8c52b1-1d65-476b-8b70-928503c96cfd","0.03"
"Alexander Mattison","Raiders","RB","205","213.1","138","222","0b343303-da50-49ce-a35d-5570a5479c10","0.04"
"Jelani Woods","Colts","TE","206","211.4","334","200","c11cfb02-1270-4bd9-9417-30b4de424cf7","0.03"
"Greg Dulcich","Broncos","TE","207","211.8","334","","450097ed-6eb2-419a-897c-cddc4aa48a51","0.02"
"Ben Sinnott","Commanders","TE","208","191.8","","","7c3b8c65-cee7-441a-b656-dc0f9e592075","-0.08"
"Dawson Knox","Bills","TE","209","211.6","317","167","0500233c-15fa-4054-a18c-558c519b6ef3","0.01"
"Chig Okonkwo","Titans","TE","210","192.6","239","227","f71fb47b-cb8d-436b-a9ea-3a8f7d4da6f5","-0.09"
"Jordan Mason","49ers","RB","211","215.5","248","","12d3481b-b7f6-4d82-baa4-3305e68d386d","0.02"
"Malachi Corley","Jets","WR","212","184.6","","","feaa26c4-cff4-487a-970a-ddad711e5b09","-0.15"
"Greg Dortch","Cardinals","WR","213","202.2","194","107","79b314eb-c128-42af-81d1-74d02e202c73","-0.05"
"Jalin Hyatt","Giants","WR","214","211.9","232","","aa442ff3-158d-4084-bc7d-31672fba2a61","-0.01"
"Cedric Tillman","Browns","WR","215","215.6","350","","f80d5527-7688-4d02-a14e-fd33e8fafc57","0"
"Treylon Burks","Titans","WR","216","215.7","303","213","e68c8a9b-e51b-4184-b41e-0b9ebf3ad193","0"
"Luke McCaffrey","Commanders","WR","217","190.4","","","1fe1828f-95e2-4ee6-a853-b15a778297b1","-0.14"
"Quentin Johnston","Chargers","WR","218","157.7","240","","d1320ecb-9461-4fba-97c1-d40ae8c36cb5","-0.38"
"Josh Reynolds","Broncos","WR","219","215.6","139","122","d2247d86-c874-48e7-a4c7-b82e26cd5c18","-0.02"
"Kalif Raymond","Lions","WR","220","214.1","222","290","cd3ad272-880e-4c6b-9231-5b36000c3690","-0.03"
"Roschon Johnson","Bears","RB","221","199.6","173","","7680a072-4119-42eb-9d1b-031c94180600","-0.11"
"Jamaal Williams","Saints","RB","222","215.5","310","","b6d0dae3-7a01-4d3d-8d43-521fd0974b9d","-0.03"
"Kendre Miller","Saints","RB","223","166.9","246","","ff629d5a-a1a0-41aa-be94-384346c39dd0","-0.34"
"Justice Hill","Ravens","RB","224","215.9","158","377","dc54aaed-d67b-4a0b-8893-858001d7053d","-0.04"
"AJ Dillon","Packers","RB","225","214.6","190","","ff47408a-4f83-4e5e-8a3e-07e76012ea2d","-0.05"
"Isaiah Likely","Ravens","TE","226","180.4","143","197","96e18685-a5d7-4bce-9803-406cd96537cb","-0.25"
"Mike Gesicki","Bengals","TE","227","203.5","322","190","72b37a2c-fc4e-459f-9993-cdce1843deff","-0.12"
"Michael Mayer","Raiders","TE","228","215.5","221","","df7ae891-91f9-4ca9-a9cd-943bf8d3d548","-0.06"
"Tommy Tremble","Panthers","TE","229","216","333","","b3a4187b-aca8-47a0-b4cd-345eea97908b","-0.06"
"Aidan O'Connell","Raiders","QB","230","215.6","183","","fa05fa48-c595-4b99-8fdd-e50dc8644fce","-0.07"
"Tre Tucker","Raiders","WR","231","215.6","198","","2e4af01e-cf3e-4a59-8532-e115e1fb5d82","-0.07"
"Antoine Green","Lions","WR","232","216","334","","48ea47a7-85fd-4446-95f1-55930d05b0e9","-0.07"
"DJ Chark Jr.","Chargers","WR","233","192.4","127","","a3f9a932-cb32-4d30-84c0-7e4347bb909f","-0.21"
"A.T. Perry","Saints","WR","234","215.4","224","","3a0c1c94-323a-4561-8135-4555ac4245bc","-0.09"
"Javon Baker","Patriots","WR","235","202.6","","","283389c2-edc9-43fb-a311-fcd3e14f483b","-0.16"
"Van Jefferson","Steelers","WR","236","215.8","334","","96fbb541-027d-48f5-81a1-4cfeef5a8dd2","-0.09"
"Noah Brown","Texans","WR","237","215.4","72","","e14e3303-2bf3-4cf2-841f-f4861320d1d8","-0.1"
"K.J. Osborn","Patriots","WR","238","215.5","154","","8345b52f-3b03-4d99-8b01-fd2ddbb64975","-0.1"
"Tyler Boyd","Titans","WR","239","199.2","168","131","b85602ca-8575-47c6-9cd5-36aaeaab7038","-0.2"
"Kadarius Toney","Chiefs","WR","240","215.2","334","","bfcfc3b6-3a88-4b56-97b9-c8d2cdf2f5f4","-0.12"
"Jalen Nailor","Vikings","WR","241","215.9","334","","04cb59a9-b8d4-4438-98cd-ce59da76f4a5","-0.12"
"Alec Pierce","Colts","WR","242","215.9","189","","fbb251bf-b1b4-4111-bd97-09923e621de8","-0.12"
"Troy Franklin","Broncos","WR","243","179.1","","","fe172b50-3a9a-4b92-bfd7-7c4806855cd3","-0.36"
"Michael Penix","Falcons","QB","244","215.8","","","feb2d1d8-9688-4547-86ce-3955794a2b88","-0.13"
"J.J. McCarthy","Vikings","QB","245","210.7","","","3b683063-e2a1-4c8c-9c2a-d0a0efc5e9b6","-0.16"
"Jacoby Brissett","Patriots","QB","246","215.9","334","","b9d7fb42-b2c8-499d-989a-f6c8dd3cf6b1","-0.14"
"Gardner Minshew II","Raiders","QB","247","215.5","199","179","5cd0ffa9-619f-4ea0-a340-2147a2dee05d","-0.15"
"Keaton Mitchell","Ravens","RB","248","214","112","","36eacb60-5365-4223-9254-718ee383c69d","-0.16"
"Jawhar Jordan","Texans","RB","249","215.6","","","8ada8d5b-e75e-4564-9f97-100ebce72bb6","-0.15"
"D'Onta Foreman","Browns","RB","250","211.3","78","","e924f874-0ed1-4a72-a3f7-e4980b9eabf4","-0.18"
"Samaje Perine","Broncos","RB","251","215.9","207","","cd52e459-87a8-465f-b612-a51359fa9c19","-0.16"
"Jauan Jennings","49ers","WR","252","215.1","266","","a536b008-420c-4e5e-a333-c3b05462f128","-0.17"
"Calvin Austin III","Steelers","WR","253","215.6","255","","ef3fd24b-55b9-4640-9098-4c1dabda6b3c","-0.17"
"Tutu Atwell","Rams","WR","254","215.8","155","","213ba323-af65-4bad-bc69-8806bcb6f8b4","-0.18"
"Xavier Gipson","Jets","WR","255","216","299","","9edc79a1-7ec7-49c4-8919-c57251d06a81","-0.18"
"Kendrick Bourne","Patriots","WR","256","215.3","79","225","4fc64fed-2d9b-48b3-b191-fa68ffd14df4","-0.19"
"Devontez Walker","Ravens","WR","257","208.2","","","54969679-9dbf-4deb-a186-d074a361be7d","-0.23"
"Elijah Moore","Browns","WR","258","213.8","179","280","99f3f9f4-99bc-4044-887e-7b671d990ba8","-0.21"
"Tucker Kraft","Packers","TE","259","215.1","242","","112e0165-5616-4de6-97fe-3a99d6a48dbe","-0.2"
"Daniel Bellinger","Giants","TE","260","215.8","334","","b449f31a-1021-49bb-8095-b31a6e7d1b77","-0.2"
"Theo Johnson","Giants","TE","261","214.8","","","220b09df-76f5-4c09-b525-7bd4113aa51a","-0.22"
"Zach Ertz","Commanders","TE","262","215","287","141","746a77dd-2238-418d-b736-f21ac804caed","-0.22"
"Hayden Hurst","Chargers","TE","263","214.6","229","","ad6ea23f-5301-4943-84e4-79dc17f32393","-0.23"
"Ja'Tavion Sanders","Panthers","TE","264","214.4","","","65ffbb28-dca4-45c1-8f35-b93688f96de6","-0.23"
"Gerald Everett","Bears","TE","265","215.9","218","","4b1bbd87-a4eb-49ed-a734-0387091e8449","-0.23"
"Davis Allen","Rams","TE","266","215.9","258","","bac84494-6e28-405f-91f3-558aeac31fbe","-0.23"
"Isaac Guerendo","49ers","RB","267","215.8","","","901b984e-07a8-403c-9532-61cd232b23e9","-0.24"
"Kenneth Gainwell","Eagles","RB","268","215.4","276","","819b347a-556a-4c90-b7b1-356dc12c162d","-0.24"
"Dylan Laube","Raiders","RB","269","213.7","","","d2a89bb9-9dc8-4667-8389-75ab8de01b47","-0.26"
"Miles Sanders","Panthers","RB","270","215.8","220","39","fbf8b8ae-923c-4e91-a4c9-def0077bcb76","-0.25"
"Rondale Moore","Falcons","WR","271","214.3","203","99","1a6d0b10-43ae-4edb-a972-7e9bd6c92056","-0.26"
"Johnny Wilson","Eagles","WR","272","216","","","bd7fdfef-bf95-4c63-ac61-1ca7672ef09f","-0.26"
"Marquez Valdes-Scantling","Bills","WR","273","215.8","236","","4aa2fb8e-18f4-4906-9bda-eb56e162f868","-0.27"
"John Metchie III","Texans","WR","274","215.9","334","","acc8d136-4e6d-4eaa-8d98-77488e4b66e4","-0.27"
"Allen Lazard","Jets","WR","275","215.5","250","","87636b39-9e67-42b6-afa6-2e0e3c51e6e1","-0.28"
"Trey Palmer","Bucs","WR","276","215.8","251","","10f54e5c-2622-4fe7-95ae-eb1876f1b20f","-0.28"
"Bo Melton","Packers","WR","277","215.3","334","","60308505-0d50-4aad-88e6-7af905d7be9b","-0.29"
"Zay Jones","Cardinals","WR","278","213.1","156","","841aaf26-5dfb-426e-97f6-046979ea2f56","-0.3"
"Tim Patrick","Broncos","WR","279","216","","","f38f0702-7a00-4b33-8f0e-4dd4540c199d","-0.29"
"Jalen Brooks","Cowboys","WR","280","215.9","334","","3f4abcaf-d841-4655-bb63-9ae5d2282c8b","-0.3"
"Parker Washington","Jaguars","WR","281","215.9","186","","dd9c5c91-e0cb-4b91-af57-3b729228ea31","-0.3"
"Malik Washington","Dolphins","WR","282","214.8","","","71207b30-eb62-41d8-94af-120bf98f5097","-0.31"
"Hunter Renfrow","Free Agent","WR","283","216","350","183","bdeac3a4-634d-4ca5-8727-2f364b61a557","-0.31"
"Rasheen Ali","Ravens","RB","284","215.7","","","4e5dbe38-e83b-4636-a554-8891a00175a6","-0.32"
"Cam Akers","Texans","RB","285","215.9","268","","eb41cc7c-38c6-4904-92fe-462d09c41a04","-0.32"
"Cordarrelle Patterson","Steelers","RB","286","215.9","334","","d7a795d7-eadd-4a10-8c6d-a4626801af9d","-0.32"
"Eric Gray","Giants","RB","287","215.9","334","","31792727-1104-49a3-b4bb-e5534f79e32c","-0.33"
"Chase Claypool","Bills","WR","288","215.6","270","","fd610581-0510-4190-b532-a0fff53a35c7","-0.34"
"Brandon Powell","Vikings","WR","289","216","309","","c4afdc45-7573-4792-94e1-fb5edcac1f52","-0.34"
"Trent Sherfield","Vikings","WR","290","216","334","","14c2b7ee-64f8-4ca2-b34c-92a5b30e47da","-0.34"
"Mecole Hardman Jr.","Chiefs","WR","291","216","334","","68577723-b13c-4955-b371-33dbb6a5bc18","-0.35"